1,运动1小时1周1个月会发生的变化,社会|1,https://s.weibo.com/weibo?q=%23%E8%BF%90%E5%8A%A81%E5%B0%8F%E6%97%B61%E5%91%A81%E4%B8%AA%E6%9C%88%E4%BC%9A%E5%8F%91%E7%94%9F%E7%9A%84%E5%8F%98%E5%8C%96%23,2803301701_人民日报,29553039,4286
2,摄影师要求视觉中国停止侵权,社会|1,https://s.weibo.com/weibo?q=%23%E6%91%84%E5%BD%B1%E5%B8%88%E8%A6%81%E6%B1%82%E8%A7%86%E8%A7%89%E4%B8%AD%E5%9B%BD%E5%81%9C%E6%AD%A2%E4%BE%B5%E6%9D%83%23,1784473157_中国新闻网,70310615,2474
3,亚运会游泳跳水田径门票今起实时销售,社会|1,https://s.weibo.com/weibo?q=%23%E4%BA%9A%E8%BF%90%E4%BC%9A%E6%B8%B8%E6%B3%B3%E8%B7%B3%E6%B0%B4%E7%94%B0%E5%BE%84%E9%97%A8%E7%A5%A8%E4%BB%8A%E8%B5%B7%E5%AE%9E%E6%97%B6%E9%94%80%E5%94%AE%23,2803301701_人民日报,39824740,2043
4,美国女子遭前男友散布裸照获赔87.5亿,社会|1,https://s.weibo.com/weibo?q=%23%E7%BE%8E%E5%9B%BD%E5%A5%B3%E5%AD%90%E9%81%AD%E5%89%8D%E7%94%B7%E5%8F%8B%E6%95%A3%E5%B8%83%E8%A3%B8%E7%85%A7%E8%8E%B7%E8%B5%9487.5%E4%BA%BF%23,1323527941_Vista看天下,14931121,4758
5,在缅中企工作人员称不要妖魔化缅甸,社会|1,https://s.weibo.com/weibo?q=%23%E5%9C%A8%E7%BC%85%E4%B8%AD%E4%BC%81%E5%B7%A5%E4%BD%9C%E4%BA%BA%E5%91%98%E7%A7%B0%E4%B8%8D%E8%A6%81%E5%A6%96%E9%AD%94%E5%8C%96%E7%BC%85%E7%94%B8%23,2318910945_新浪热点,220425196,5997
6,秋天的第一场雪已经下了,社会|1,https://s.weibo.com/weibo?q=%23%E7%A7%8B%E5%A4%A9%E7%9A%84%E7%AC%AC%E4%B8%80%E5%9C%BA%E9%9B%AA%E5%B7%B2%E7%BB%8F%E4%B8%8B%E4%BA%86%23,2656274875_央视新闻,3674093,394
7,3D动画穿越新疆伊犁的春夏秋冬,社会|1,https://s.weibo.com/weibo?q=%233D%E5%8A%A8%E7%94%BB%E7%A9%BF%E8%B6%8A%E6%96%B0%E7%96%86%E4%BC%8A%E7%8A%81%E7%9A%84%E6%98%A5%E5%A4%8F%E7%A7%8B%E5%86%AC%23,2803301701_人民日报,2217317,335
8,120秒重温焦裕禄事迹,社会|1,https://s.weibo.com/weibo?q=%23120%E7%A7%92%E9%87%8D%E6%B8%A9%E7%84%A6%E8%A3%95%E7%A6%84%E4%BA%8B%E8%BF%B9%23,2803301701_人民日报,3028261,525
9,王冰冰王昱珩探秘可可西里,社会|1,https://s.weibo.com/weibo?q=%23%E7%8E%8B%E5%86%B0%E5%86%B0%E7%8E%8B%E6%98%B1%E7%8F%A9%E6%8E%A2%E7%A7%98%E5%8F%AF%E5%8F%AF%E8%A5%BF%E9%87%8C%23,2656274875_央视新闻,13006902,898
10,民宿老板一晚被客人叫醒18次,社会|1,https://s.weibo.com/weibo?q=%23%E6%B0%91%E5%AE%BF%E8%80%81%E6%9D%BF%E4%B8%80%E6%99%9A%E8%A2%AB%E5%AE%A2%E4%BA%BA%E5%8F%AB%E9%86%9218%E6%AC%A1%23,5145725878_沸点视频,39368866,4459
11,19岁女孩国风轮滑惊艳全场,社会|1,https://s.weibo.com/weibo?q=%2319%E5%B2%81%E5%A5%B3%E5%AD%A9%E5%9B%BD%E9%A3%8E%E8%BD%AE%E6%BB%91%E6%83%8A%E8%89%B3%E5%85%A8%E5%9C%BA%23,2803301701_人民日报,9136510,1615
12,避免打扰是对野生动物最大的尊重,社会|1,https://s.weibo.com/weibo?q=%23%E9%81%BF%E5%85%8D%E6%89%93%E6%89%B0%E6%98%AF%E5%AF%B9%E9%87%8E%E7%94%9F%E5%8A%A8%E7%89%A9%E6%9C%80%E5%A4%A7%E7%9A%84%E5%B0%8A%E9%87%8D%23,2656274875_央视新闻,4388669,1244
13,钉钉个人版没有打卡已读功能,互联网|138,https://s.weibo.com/weibo?q=%23%E9%92%89%E9%92%89%E4%B8%AA%E4%BA%BA%E7%89%88%E6%B2%A1%E6%9C%89%E6%89%93%E5%8D%A1%E5%B7%B2%E8%AF%BB%E5%8A%9F%E8%83%BD%23,1642088277_财经网,4098469,3380
14,夏威夷州因野火遇难人数过百,社会|1,https://s.weibo.com/weibo?q=%23%E5%A4%8F%E5%A8%81%E5%A4%B7%E5%B7%9E%E5%9B%A0%E9%87%8E%E7%81%AB%E9%81%87%E9%9A%BE%E4%BA%BA%E6%95%B0%E8%BF%87%E7%99%BE%23,1699432410_新华社,4659840,362
15,缅甸失联20岁男生已找到父亲发声,社会|1,https://s.weibo.com/weibo?q=%23%E7%BC%85%E7%94%B8%E5%A4%B1%E8%81%9420%E5%B2%81%E7%94%B7%E7%94%9F%E5%B7%B2%E6%89%BE%E5%88%B0%E7%88%B6%E4%BA%B2%E5%8F%91%E5%A3%B0%23,6105713761_红星新闻,171829258,2288
16,熊猫耳朵承包了一天笑点,社会|1,https://s.weibo.com/weibo?q=%23%E7%86%8A%E7%8C%AB%E8%80%B3%E6%9C%B5%E6%89%BF%E5%8C%85%E4%BA%86%E4%B8%80%E5%A4%A9%E7%AC%91%E7%82%B9%23,2656274875_央视新闻,2643994,209
17,电影里的文物彩蛋,社会|1,https://s.weibo.com/weibo?q=%23%E7%94%B5%E5%BD%B1%E9%87%8C%E7%9A%84%E6%96%87%E7%89%A9%E5%BD%A9%E8%9B%8B%23,2656274875_央视新闻,2398456,408
18,22岁女大学生疑被贩卖缅北,社会|1,https://s.weibo.com/weibo?q=%2322%E5%B2%81%E5%A5%B3%E5%A4%A7%E5%AD%A6%E7%94%9F%E7%96%91%E8%A2%AB%E8%B4%A9%E5%8D%96%E7%BC%85%E5%8C%97%23,1642512402_中国新闻周刊,14413134,1110
19,小象玩水鼻子快要甩掉了,社会|1,https://s.weibo.com/weibo?q=%23%E5%B0%8F%E8%B1%A1%E7%8E%A9%E6%B0%B4%E9%BC%BB%E5%AD%90%E5%BF%AB%E8%A6%81%E7%94%A9%E6%8E%89%E4%BA%86%23,3266943013_央视网,55946723,1564
20,中国游客为何不敢去缅甸了,社会|1,https://s.weibo.com/weibo?q=%23%E4%B8%AD%E5%9B%BD%E6%B8%B8%E5%AE%A2%E4%B8%BA%E4%BD%95%E4%B8%8D%E6%95%A2%E5%8E%BB%E7%BC%85%E7%94%B8%E4%BA%86%23,5993531560_中新经纬,8163234,198
21,电影孤注一掷在消费缅北恐惧吗,社会|1,https://s.weibo.com/weibo?q=%23%E7%94%B5%E5%BD%B1%E5%AD%A4%E6%B3%A8%E4%B8%80%E6%8E%B7%E5%9C%A8%E6%B6%88%E8%B4%B9%E7%BC%85%E5%8C%97%E6%81%90%E6%83%A7%E5%90%97%23,2318910945_新浪热点,7675555,672
22,于敏曾婉拒中国氢弹之父的称呼,社会|1,https://s.weibo.com/weibo?q=%23%E4%BA%8E%E6%95%8F%E6%9B%BE%E5%A9%89%E6%8B%92%E4%B8%AD%E5%9B%BD%E6%B0%A2%E5%BC%B9%E4%B9%8B%E7%88%B6%E7%9A%84%E7%A7%B0%E5%91%BC%23,2803301701_人民日报,6228884,2371
23,印度不再从中国进口手机,社会|1,https://s.weibo.com/weibo?q=%23%E5%8D%B0%E5%BA%A6%E4%B8%8D%E5%86%8D%E4%BB%8E%E4%B8%AD%E5%9B%BD%E8%BF%9B%E5%8F%A3%E6%89%8B%E6%9C%BA%23,1926909715_第一财经日报,143966572,3912
24,全国电影票房连续55天破亿元,电影|100,https://s.weibo.com/weibo?q=%23%E5%85%A8%E5%9B%BD%E7%94%B5%E5%BD%B1%E7%A5%A8%E6%88%BF%E8%BF%9E%E7%BB%AD55%E5%A4%A9%E7%A0%B4%E4%BA%BF%E5%85%83%23,2656274875_央视新闻,1882242,368
25,女子因2次同居史相亲屡被拒,社会|1,https://s.weibo.com/weibo?q=%23%E5%A5%B3%E5%AD%90%E5%9B%A02%E6%AC%A1%E5%90%8C%E5%B1%85%E5%8F%B2%E7%9B%B8%E4%BA%B2%E5%B1%A1%E8%A2%AB%E6%8B%92%23,1618051664_头条新闻,7355283,277
26,创意反诈能救一个是一个,社会|1,https://s.weibo.com/weibo?q=%23%E5%88%9B%E6%84%8F%E5%8F%8D%E8%AF%88%E8%83%BD%E6%95%91%E4%B8%80%E4%B8%AA%E6%98%AF%E4%B8%80%E4%B8%AA%23,2803301701_人民日报,6839241,1618
27,视觉中国涉百余起侵权案均为原告,社会|1,https://s.weibo.com/weibo?q=%23%E8%A7%86%E8%A7%89%E4%B8%AD%E5%9B%BD%E6%B6%89%E7%99%BE%E4%BD%99%E8%B5%B7%E4%BE%B5%E6%9D%83%E6%A1%88%E5%9D%87%E4%B8%BA%E5%8E%9F%E5%91%8A%23,2297360854_中国网看点,3863459,310
28,2个动作缓解膝盖疼痛,运动健身|111,https://s.weibo.com/weibo?q=%232%E4%B8%AA%E5%8A%A8%E4%BD%9C%E7%BC%93%E8%A7%A3%E8%86%9D%E7%9B%96%E7%96%BC%E7%97%9B%23,2656274875_央视新闻,2494803,588
29,2女闯男更衣室给小孩换衣服,社会|1,https://s.weibo.com/weibo?q=%232%E5%A5%B3%E9%97%AF%E7%94%B7%E6%9B%B4%E8%A1%A3%E5%AE%A4%E7%BB%99%E5%B0%8F%E5%AD%A9%E6%8D%A2%E8%A1%A3%E6%9C%8D%23,2028810631_新浪新闻,5351046,322
30,夏威夷大火或致砷元素渗入水源,社会|1,https://s.weibo.com/weibo?q=%23%E5%A4%8F%E5%A8%81%E5%A4%B7%E5%A4%A7%E7%81%AB%E6%88%96%E8%87%B4%E7%A0%B7%E5%85%83%E7%B4%A0%E6%B8%97%E5%85%A5%E6%B0%B4%E6%BA%90%23,2656274875_央视新闻,8927931,552
31,网友吐槽视觉中国是图片界的知网,社会|1,https://s.weibo.com/weibo?q=%23%E7%BD%91%E5%8F%8B%E5%90%90%E6%A7%BD%E8%A7%86%E8%A7%89%E4%B8%AD%E5%9B%BD%E6%98%AF%E5%9B%BE%E7%89%87%E7%95%8C%E7%9A%84%E7%9F%A5%E7%BD%91%23,5993531560_中新经纬,2374896,302
32,亚洲象排排躺花式戏水,社会|1,https://s.weibo.com/weibo?q=%23%E4%BA%9A%E6%B4%B2%E8%B1%A1%E6%8E%92%E6%8E%92%E8%BA%BA%E8%8A%B1%E5%BC%8F%E6%88%8F%E6%B0%B4%23,3266943013_央视网,3995508,669
33,恒大回应许家印离婚传闻,社会|1,https://s.weibo.com/weibo?q=%23%E6%81%92%E5%A4%A7%E5%9B%9E%E5%BA%94%E8%AE%B8%E5%AE%B6%E5%8D%B0%E7%A6%BB%E5%A9%9A%E4%BC%A0%E9%97%BB%23,1926909715_第一财经日报,1389410,132
34,女子被拐42年回家母亲已遗憾离世,社会|1,https://s.weibo.com/weibo?q=%23%E5%A5%B3%E5%AD%90%E8%A2%AB%E6%8B%9042%E5%B9%B4%E5%9B%9E%E5%AE%B6%E6%AF%8D%E4%BA%B2%E5%B7%B2%E9%81%97%E6%86%BE%E7%A6%BB%E4%B8%96%23,1496814565_封面新闻,15975606,294
35,男子用纸箱打造山西文化地标,社会|1,https://s.weibo.com/weibo?q=%23%E7%94%B7%E5%AD%90%E7%94%A8%E7%BA%B8%E7%AE%B1%E6%89%93%E9%80%A0%E5%B1%B1%E8%A5%BF%E6%96%87%E5%8C%96%E5%9C%B0%E6%A0%87%23,1699432410_新华社,3113300,436
36,沙漠中游客头发突然竖立,社会|1,https://s.weibo.com/weibo?q=%23%E6%B2%99%E6%BC%A0%E4%B8%AD%E6%B8%B8%E5%AE%A2%E5%A4%B4%E5%8F%91%E7%AA%81%E7%84%B6%E7%AB%96%E7%AB%8B%23,2286908003_人民网,3303255,691
37,视觉中国称涉事图片的销售授权链条清晰完整,社会|1,https://s.weibo.com/weibo?q=%23%E8%A7%86%E8%A7%89%E4%B8%AD%E5%9B%BD%E7%A7%B0%E6%B6%89%E4%BA%8B%E5%9B%BE%E7%89%87%E7%9A%84%E9%94%80%E5%94%AE%E6%8E%88%E6%9D%83%E9%93%BE%E6%9D%A1%E6%B8%85%E6%99%B0%E5%AE%8C%E6%95%B4%23,1784473157_中国新闻网,65852766,5569
38,北方将迎来新一轮降雨,社会|1,https://s.weibo.com/weibo?q=%23%E5%8C%97%E6%96%B9%E5%B0%86%E8%BF%8E%E6%9D%A5%E6%96%B0%E4%B8%80%E8%BD%AE%E9%99%8D%E9%9B%A8%23,2803301701_人民日报,4011231,207
39,江南华南局地需警惕强对流天气,社会|1,https://s.weibo.com/weibo?q=%23%E6%B1%9F%E5%8D%97%E5%8D%8E%E5%8D%97%E5%B1%80%E5%9C%B0%E9%9C%80%E8%AD%A6%E6%83%95%E5%BC%BA%E5%AF%B9%E6%B5%81%E5%A4%A9%E6%B0%94%23,2803301701_人民日报,3717677,194
40,千艘渔船南海开渔好壮观,社会|1,https://s.weibo.com/weibo?q=%23%E5%8D%83%E8%89%98%E6%B8%94%E8%88%B9%E5%8D%97%E6%B5%B7%E5%BC%80%E6%B8%94%E5%A5%BD%E5%A3%AE%E8%A7%82%23,2656274875_央视新闻,1938052,93
41,经济第一大省正挺起制造业当家脊梁,社会|1,https://s.weibo.com/weibo?q=%23%E7%BB%8F%E6%B5%8E%E7%AC%AC%E4%B8%80%E5%A4%A7%E7%9C%81%E6%AD%A3%E6%8C%BA%E8%B5%B7%E5%88%B6%E9%80%A0%E4%B8%9A%E5%BD%93%E5%AE%B6%E8%84%8A%E6%A2%81%23,2656274875_央视新闻,2109407,115
42,云南一女大学生疑似被拐骗至境外,社会|1,https://s.weibo.com/weibo?q=%23%E4%BA%91%E5%8D%97%E4%B8%80%E5%A5%B3%E5%A4%A7%E5%AD%A6%E7%94%9F%E7%96%91%E4%BC%BC%E8%A2%AB%E6%8B%90%E9%AA%97%E8%87%B3%E5%A2%83%E5%A4%96%23,1420157965_上游新闻,3930394,118
43,谁能拒绝少年的英雄梦,电影|100,https://s.weibo.com/weibo?q=%23%E8%B0%81%E8%83%BD%E6%8B%92%E7%BB%9D%E5%B0%91%E5%B9%B4%E7%9A%84%E8%8B%B1%E9%9B%84%E6%A2%A6%23,2810373291_新华网,10544792,12590
44,保姆9个月偷走雇主163瓶茅台,社会|1,https://s.weibo.com/weibo?q=%23%E4%BF%9D%E5%A7%869%E4%B8%AA%E6%9C%88%E5%81%B7%E8%B5%B0%E9%9B%87%E4%B8%BB163%E7%93%B6%E8%8C%85%E5%8F%B0%23,1796087453_荔枝新闻,87935171,1559
45,11岁农村女孩跳中国舞获赞,社会|1,https://s.weibo.com/weibo?q=%2311%E5%B2%81%E5%86%9C%E6%9D%91%E5%A5%B3%E5%AD%A9%E8%B7%B3%E4%B8%AD%E5%9B%BD%E8%88%9E%E8%8E%B7%E8%B5%9E%23,2803301701_人民日报,19761994,1064
46,警方正调查女大学生疑被贩卖,社会|1,https://s.weibo.com/weibo?q=%23%E8%AD%A6%E6%96%B9%E6%AD%A3%E8%B0%83%E6%9F%A5%E5%A5%B3%E5%A4%A7%E5%AD%A6%E7%94%9F%E7%96%91%E8%A2%AB%E8%B4%A9%E5%8D%96%23,1642512402_中国新闻周刊,17604253,868
47,绿色出游守护祖国大好河山,社会|1,https://s.weibo.com/weibo?q=%23%E7%BB%BF%E8%89%B2%E5%87%BA%E6%B8%B8%E5%AE%88%E6%8A%A4%E7%A5%96%E5%9B%BD%E5%A4%A7%E5%A5%BD%E6%B2%B3%E5%B1%B1%23,1699432410_新华社,67724796,7135
48,12岁男孩花光家里15万积蓄买玩具,社会|1,https://s.weibo.com/weibo?q=%2312%E5%B2%81%E7%94%B7%E5%AD%A9%E8%8A%B1%E5%85%89%E5%AE%B6%E9%87%8C15%E4%B8%87%E7%A7%AF%E8%93%84%E4%B9%B0%E7%8E%A9%E5%85%B7%23,5145725878_沸点视频,8052890,246
49,视觉中国曾因含违禁内容被罚,社会|1,https://s.weibo.com/weibo?q=%23%E8%A7%86%E8%A7%89%E4%B8%AD%E5%9B%BD%E6%9B%BE%E5%9B%A0%E5%90%AB%E8%BF%9D%E7%A6%81%E5%86%85%E5%AE%B9%E8%A2%AB%E7%BD%9A%23,1784473157_中国新闻网,1497360,1451
50,中国损失印度1.8亿支进口手机订单,社会|1,https://s.weibo.com/weibo?q=%23%E4%B8%AD%E5%9B%BD%E6%8D%9F%E5%A4%B1%E5%8D%B0%E5%BA%A61.8%E4%BA%BF%E6%94%AF%E8%BF%9B%E5%8F%A3%E6%89%8B%E6%9C%BA%E8%AE%A2%E5%8D%95%23,1926909715_第一财经日报,32659155,2008
1,运动1小时1周1个月会发生的变化,社会|1,https://s.weibo.com/weibo?q=%23%E8%BF%90%E5%8A%A81%E5%B0%8F%E6%97%B61%E5%91%A81%E4%B8%AA%E6%9C%88%E4%BC%9A%E5%8F%91%E7%94%9F%E7%9A%84%E5%8F%98%E5%8C%96%23,2803301701_人民日报,32519795,5639
2,3D动画穿越新疆伊犁的春夏秋冬,社会|1,https://s.weibo.com/weibo?q=%233D%E5%8A%A8%E7%94%BB%E7%A9%BF%E8%B6%8A%E6%96%B0%E7%96%86%E4%BC%8A%E7%8A%81%E7%9A%84%E6%98%A5%E5%A4%8F%E7%A7%8B%E5%86%AC%23,2803301701_人民日报,2298830,357
3,秋天的第一场雪已经下了,社会|1,https://s.weibo.com/weibo?q=%23%E7%A7%8B%E5%A4%A9%E7%9A%84%E7%AC%AC%E4%B8%80%E5%9C%BA%E9%9B%AA%E5%B7%B2%E7%BB%8F%E4%B8%8B%E4%BA%86%23,2656274875_央视新闻,3793637,413
4,美国女子遭前男友散布裸照获赔87.5亿,社会|1,https://s.weibo.com/weibo?q=%23%E7%BE%8E%E5%9B%BD%E5%A5%B3%E5%AD%90%E9%81%AD%E5%89%8D%E7%94%B7%E5%8F%8B%E6%95%A3%E5%B8%83%E8%A3%B8%E7%85%A7%E8%8E%B7%E8%B5%9487.5%E4%BA%BF%23,1323527941_Vista看天下,18943364,5202
5,一起打卡南博会,社会|1,https://s.weibo.com/weibo?q=%23%E4%B8%80%E8%B5%B7%E6%89%93%E5%8D%A1%E5%8D%97%E5%8D%9A%E4%BC%9A%23,3198471403_云南日报,12705778,184
6,在缅中企工作人员称不要妖魔化缅甸,社会|1,https://s.weibo.com/weibo?q=%23%E5%9C%A8%E7%BC%85%E4%B8%AD%E4%BC%81%E5%B7%A5%E4%BD%9C%E4%BA%BA%E5%91%98%E7%A7%B0%E4%B8%8D%E8%A6%81%E5%A6%96%E9%AD%94%E5%8C%96%E7%BC%85%E7%94%B8%23,2318910945_新浪热点,224904996,6283
7,亚运会游泳跳水田径门票今起实时销售,社会|1,https://s.weibo.com/weibo?q=%23%E4%BA%9A%E8%BF%90%E4%BC%9A%E6%B8%B8%E6%B3%B3%E8%B7%B3%E6%B0%B4%E7%94%B0%E5%BE%84%E9%97%A8%E7%A5%A8%E4%BB%8A%E8%B5%B7%E5%AE%9E%E6%97%B6%E9%94%80%E5%94%AE%23,2803301701_人民日报,41884751,2100
8,谢谢人民子弟兵给的安全感,社会|1,https://s.weibo.com/weibo?q=%23%E8%B0%A2%E8%B0%A2%E4%BA%BA%E6%B0%91%E5%AD%90%E5%BC%9F%E5%85%B5%E7%BB%99%E7%9A%84%E5%AE%89%E5%85%A8%E6%84%9F%23,2803301701_人民日报,1563854,261
9,摄影师要求视觉中国停止侵权,社会|1,https://s.weibo.com/weibo?q=%23%E6%91%84%E5%BD%B1%E5%B8%88%E8%A6%81%E6%B1%82%E8%A7%86%E8%A7%89%E4%B8%AD%E5%9B%BD%E5%81%9C%E6%AD%A2%E4%BE%B5%E6%9D%83%23,1784473157_中国新闻网,71960372,2527
10,120秒重温焦裕禄事迹,社会|1,https://s.weibo.com/weibo?q=%23120%E7%A7%92%E9%87%8D%E6%B8%A9%E7%84%A6%E8%A3%95%E7%A6%84%E4%BA%8B%E8%BF%B9%23,2803301701_人民日报,3102330,555
11,22岁女大学生疑被贩卖缅北,社会|1,https://s.weibo.com/weibo?q=%2322%E5%B2%81%E5%A5%B3%E5%A4%A7%E5%AD%A6%E7%94%9F%E7%96%91%E8%A2%AB%E8%B4%A9%E5%8D%96%E7%BC%85%E5%8C%97%23,1642512402_中国新闻周刊,17231725,1328
12,避免打扰是对野生动物最大的尊重,社会|1,https://s.weibo.com/weibo?q=%23%E9%81%BF%E5%85%8D%E6%89%93%E6%89%B0%E6%98%AF%E5%AF%B9%E9%87%8E%E7%94%9F%E5%8A%A8%E7%89%A9%E6%9C%80%E5%A4%A7%E7%9A%84%E5%B0%8A%E9%87%8D%23,2656274875_央视新闻,4434544,1261
13,民宿老板一晚被客人叫醒18次,社会|1,https://s.weibo.com/weibo?q=%23%E6%B0%91%E5%AE%BF%E8%80%81%E6%9D%BF%E4%B8%80%E6%99%9A%E8%A2%AB%E5%AE%A2%E4%BA%BA%E5%8F%AB%E9%86%9218%E6%AC%A1%23,5145725878_沸点视频,42263199,4518
14,19岁女孩国风轮滑惊艳全场,社会|1,https://s.weibo.com/weibo?q=%2319%E5%B2%81%E5%A5%B3%E5%AD%A9%E5%9B%BD%E9%A3%8E%E8%BD%AE%E6%BB%91%E6%83%8A%E8%89%B3%E5%85%A8%E5%9C%BA%23,2803301701_人民日报,9288056,1640
15,夏威夷州毛伊县野火遇难人数升至101人,社会|1,https://s.weibo.com/weibo?q=%23%E5%A4%8F%E5%A8%81%E5%A4%B7%E5%B7%9E%E6%AF%9B%E4%BC%8A%E5%8E%BF%E9%87%8E%E7%81%AB%E9%81%87%E9%9A%BE%E4%BA%BA%E6%95%B0%E5%8D%87%E8%87%B3101%E4%BA%BA%23,1699432410_新华社,5209595,410
16,电影孤注一掷在消费缅北恐惧吗,社会|1,https://s.weibo.com/weibo?q=%23%E7%94%B5%E5%BD%B1%E5%AD%A4%E6%B3%A8%E4%B8%80%E6%8E%B7%E5%9C%A8%E6%B6%88%E8%B4%B9%E7%BC%85%E5%8C%97%E6%81%90%E6%83%A7%E5%90%97%23,2318910945_新浪热点,9649214,777
17,钉钉个人版没有打卡已读功能,互联网|138,https://s.weibo.com/weibo?q=%23%E9%92%89%E9%92%89%E4%B8%AA%E4%BA%BA%E7%89%88%E6%B2%A1%E6%9C%89%E6%89%93%E5%8D%A1%E5%B7%B2%E8%AF%BB%E5%8A%9F%E8%83%BD%23,1642088277_财经网,4155352,3450
18,电影里的文物彩蛋,社会|1,https://s.weibo.com/weibo?q=%23%E7%94%B5%E5%BD%B1%E9%87%8C%E7%9A%84%E6%96%87%E7%89%A9%E5%BD%A9%E8%9B%8B%23,2656274875_央视新闻,2600291,451
19,王冰冰王昱珩探秘可可西里,社会|1,https://s.weibo.com/weibo?q=%23%E7%8E%8B%E5%86%B0%E5%86%B0%E7%8E%8B%E6%98%B1%E7%8F%A9%E6%8E%A2%E7%A7%98%E5%8F%AF%E5%8F%AF%E8%A5%BF%E9%87%8C%23,2656274875_央视新闻,13218947,916
20,缅甸失联20岁男生已找到父亲发声,社会|1,https://s.weibo.com/weibo?q=%23%E7%BC%85%E7%94%B8%E5%A4%B1%E8%81%9420%E5%B2%81%E7%94%B7%E7%94%9F%E5%B7%B2%E6%89%BE%E5%88%B0%E7%88%B6%E4%BA%B2%E5%8F%91%E5%A3%B0%23,6105713761_红星新闻,175471356,2319
21,熊猫耳朵承包了一天笑点,社会|1,https://s.weibo.com/weibo?q=%23%E7%86%8A%E7%8C%AB%E8%80%B3%E6%9C%B5%E6%89%BF%E5%8C%85%E4%BA%86%E4%B8%80%E5%A4%A9%E7%AC%91%E7%82%B9%23,2656274875_央视新闻,2727144,224
22,戚继光督建长城的石碑被找到,社会|1,https://s.weibo.com/weibo?q=%23%E6%88%9A%E7%BB%A7%E5%85%89%E7%9D%A3%E5%BB%BA%E9%95%BF%E5%9F%8E%E7%9A%84%E7%9F%B3%E7%A2%91%E8%A2%AB%E6%89%BE%E5%88%B0%23,2803301701_人民日报,2525070,249
23,小象玩水鼻子快要甩掉了,社会|1,https://s.weibo.com/weibo?q=%23%E5%B0%8F%E8%B1%A1%E7%8E%A9%E6%B0%B4%E9%BC%BB%E5%AD%90%E5%BF%AB%E8%A6%81%E7%94%A9%E6%8E%89%E4%BA%86%23,3266943013_央视网,58573352,1852
24,警方正调查女大学生疑被贩卖,社会|1,https://s.weibo.com/weibo?q=%23%E8%AD%A6%E6%96%B9%E6%AD%A3%E8%B0%83%E6%9F%A5%E5%A5%B3%E5%A4%A7%E5%AD%A6%E7%94%9F%E7%96%91%E8%A2%AB%E8%B4%A9%E5%8D%96%23,1642512402_中国新闻周刊,24258182,1144
25,创意反诈能救一个是一个,社会|1,https://s.weibo.com/weibo?q=%23%E5%88%9B%E6%84%8F%E5%8F%8D%E8%AF%88%E8%83%BD%E6%95%91%E4%B8%80%E4%B8%AA%E6%98%AF%E4%B8%80%E4%B8%AA%23,2803301701_人民日报,7225269,1672
26,女子因2次同居史相亲屡被拒,社会|1,https://s.weibo.com/weibo?q=%23%E5%A5%B3%E5%AD%90%E5%9B%A02%E6%AC%A1%E5%90%8C%E5%B1%85%E5%8F%B2%E7%9B%B8%E4%BA%B2%E5%B1%A1%E8%A2%AB%E6%8B%92%23,1618051664_头条新闻,7460177,279
27,全国电影票房连续55天破亿元,电影|100,https://s.weibo.com/weibo?q=%23%E5%85%A8%E5%9B%BD%E7%94%B5%E5%BD%B1%E7%A5%A8%E6%88%BF%E8%BF%9E%E7%BB%AD55%E5%A4%A9%E7%A0%B4%E4%BA%BF%E5%85%83%23,2656274875_央视新闻,2026232,390
28,缅甸旅游部长期待中国游客重返,社会|1,https://s.weibo.com/weibo?q=%23%E7%BC%85%E7%94%B8%E6%97%85%E6%B8%B8%E9%83%A8%E9%95%BF%E6%9C%9F%E5%BE%85%E4%B8%AD%E5%9B%BD%E6%B8%B8%E5%AE%A2%E9%87%8D%E8%BF%94%23,5993531560_中新经纬,8540495,442
29,视觉中国涉百余起侵权案均为原告,社会|1,https://s.weibo.com/weibo?q=%23%E8%A7%86%E8%A7%89%E4%B8%AD%E5%9B%BD%E6%B6%89%E7%99%BE%E4%BD%99%E8%B5%B7%E4%BE%B5%E6%9D%83%E6%A1%88%E5%9D%87%E4%B8%BA%E5%8E%9F%E5%91%8A%23,2297360854_中国网看点,3898076,319
30,恒大回应许家印离婚传闻,社会|1,https://s.weibo.com/weibo?q=%23%E6%81%92%E5%A4%A7%E5%9B%9E%E5%BA%94%E8%AE%B8%E5%AE%B6%E5%8D%B0%E7%A6%BB%E5%A9%9A%E4%BC%A0%E9%97%BB%23,1926909715_第一财经日报,1715783,153
31,于敏曾婉拒中国氢弹之父的称呼,社会|1,https://s.weibo.com/weibo?q=%23%E4%BA%8E%E6%95%8F%E6%9B%BE%E5%A9%89%E6%8B%92%E4%B8%AD%E5%9B%BD%E6%B0%A2%E5%BC%B9%E4%B9%8B%E7%88%B6%E7%9A%84%E7%A7%B0%E5%91%BC%23,2803301701_人民日报,6295262,2389
32,亚洲象排排躺花式戏水,社会|1,https://s.weibo.com/weibo?q=%23%E4%BA%9A%E6%B4%B2%E8%B1%A1%E6%8E%92%E6%8E%92%E8%BA%BA%E8%8A%B1%E5%BC%8F%E6%88%8F%E6%B0%B4%23,3266943013_央视网,4143347,685
33,网友吐槽视觉中国是图片界的知网,社会|1,https://s.weibo.com/weibo?q=%23%E7%BD%91%E5%8F%8B%E5%90%90%E6%A7%BD%E8%A7%86%E8%A7%89%E4%B8%AD%E5%9B%BD%E6%98%AF%E5%9B%BE%E7%89%87%E7%95%8C%E7%9A%84%E7%9F%A5%E7%BD%91%23,5993531560_中新经纬,2479180,310
34,印度不再从中国进口手机,社会|1,https://s.weibo.com/weibo?q=%23%E5%8D%B0%E5%BA%A6%E4%B8%8D%E5%86%8D%E4%BB%8E%E4%B8%AD%E5%9B%BD%E8%BF%9B%E5%8F%A3%E6%89%8B%E6%9C%BA%23,1926909715_第一财经日报,144136426,3938
35,2个动作缓解膝盖疼痛,运动健身|111,https://s.weibo.com/weibo?q=%232%E4%B8%AA%E5%8A%A8%E4%BD%9C%E7%BC%93%E8%A7%A3%E8%86%9D%E7%9B%96%E7%96%BC%E7%97%9B%23,2656274875_央视新闻,2519622,591
36,女子被拐42年回家母亲已遗憾离世,社会|1,https://s.weibo.com/weibo?q=%23%E5%A5%B3%E5%AD%90%E8%A2%AB%E6%8B%9042%E5%B9%B4%E5%9B%9E%E5%AE%B6%E6%AF%8D%E4%BA%B2%E5%B7%B2%E9%81%97%E6%86%BE%E7%A6%BB%E4%B8%96%23,1496814565_封面新闻,16067103,299
37,男子用纸箱打造山西文化地标,社会|1,https://s.weibo.com/weibo?q=%23%E7%94%B7%E5%AD%90%E7%94%A8%E7%BA%B8%E7%AE%B1%E6%89%93%E9%80%A0%E5%B1%B1%E8%A5%BF%E6%96%87%E5%8C%96%E5%9C%B0%E6%A0%87%23,1699432410_新华社,3192262,443
38,2女闯男更衣室给小孩换衣服,社会|1,https://s.weibo.com/weibo?q=%232%E5%A5%B3%E9%97%AF%E7%94%B7%E6%9B%B4%E8%A1%A3%E5%AE%A4%E7%BB%99%E5%B0%8F%E5%AD%A9%E6%8D%A2%E8%A1%A3%E6%9C%8D%23,2028810631_新浪新闻,5541308,329
39,沙漠中游客头发突然竖立,社会|1,https://s.weibo.com/weibo?q=%23%E6%B2%99%E6%BC%A0%E4%B8%AD%E6%B8%B8%E5%AE%A2%E5%A4%B4%E5%8F%91%E7%AA%81%E7%84%B6%E7%AB%96%E7%AB%8B%23,2286908003_人民网,3354696,703
40,夏威夷大火或致砷元素渗入水源,社会|1,https://s.weibo.com/weibo?q=%23%E5%A4%8F%E5%A8%81%E5%A4%B7%E5%A4%A7%E7%81%AB%E6%88%96%E8%87%B4%E7%A0%B7%E5%85%83%E7%B4%A0%E6%B8%97%E5%85%A5%E6%B0%B4%E6%BA%90%23,2656274875_央视新闻,8982917,553
41,云南一女大学生疑似被拐骗至境外,社会|1,https://s.weibo.com/weibo?q=%23%E4%BA%91%E5%8D%97%E4%B8%80%E5%A5%B3%E5%A4%A7%E5%AD%A6%E7%94%9F%E7%96%91%E4%BC%BC%E8%A2%AB%E6%8B%90%E9%AA%97%E8%87%B3%E5%A2%83%E5%A4%96%23,1420157965_上游新闻,4131731,122
42,北方将迎来新一轮降雨,社会|1,https://s.weibo.com/weibo?q=%23%E5%8C%97%E6%96%B9%E5%B0%86%E8%BF%8E%E6%9D%A5%E6%96%B0%E4%B8%80%E8%BD%AE%E9%99%8D%E9%9B%A8%23,2803301701_人民日报,4092137,223
43,视觉中国曾因含违禁内容被罚,社会|1,https://s.weibo.com/weibo?q=%23%E8%A7%86%E8%A7%89%E4%B8%AD%E5%9B%BD%E6%9B%BE%E5%9B%A0%E5%90%AB%E8%BF%9D%E7%A6%81%E5%86%85%E5%AE%B9%E8%A2%AB%E7%BD%9A%23,1784473157_中国新闻网,1572928,2752
44,江南华南局地需警惕强对流天气,社会|1,https://s.weibo.com/weibo?q=%23%E6%B1%9F%E5%8D%97%E5%8D%8E%E5%8D%97%E5%B1%80%E5%9C%B0%E9%9C%80%E8%AD%A6%E6%83%95%E5%BC%BA%E5%AF%B9%E6%B5%81%E5%A4%A9%E6%B0%94%23,2803301701_人民日报,3785607,209
45,11岁农村女孩跳中国舞获赞,社会|1,https://s.weibo.com/weibo?q=%2311%E5%B2%81%E5%86%9C%E6%9D%91%E5%A5%B3%E5%AD%A9%E8%B7%B3%E4%B8%AD%E5%9B%BD%E8%88%9E%E8%8E%B7%E8%B5%9E%23,2803301701_人民日报,19835983,1068
46,千艘渔船南海开渔好壮观,社会|1,https://s.weibo.com/weibo?q=%23%E5%8D%83%E8%89%98%E6%B8%94%E8%88%B9%E5%8D%97%E6%B5%B7%E5%BC%80%E6%B8%94%E5%A5%BD%E5%A3%AE%E8%A7%82%23,2656274875_央视新闻,1965019,93
47,经济第一大省正挺起制造业当家脊梁,社会|1,https://s.weibo.com/weibo?q=%23%E7%BB%8F%E6%B5%8E%E7%AC%AC%E4%B8%80%E5%A4%A7%E7%9C%81%E6%AD%A3%E6%8C%BA%E8%B5%B7%E5%88%B6%E9%80%A0%E4%B8%9A%E5%BD%93%E5%AE%B6%E8%84%8A%E6%A2%81%23,2656274875_央视新闻,2136585,117
48,12岁男孩花光家里15万积蓄买玩具,社会|1,https://s.weibo.com/weibo?q=%2312%E5%B2%81%E7%94%B7%E5%AD%A9%E8%8A%B1%E5%85%89%E5%AE%B6%E9%87%8C15%E4%B8%87%E7%A7%AF%E8%93%84%E4%B9%B0%E7%8E%A9%E5%85%B7%23,5145725878_沸点视频,8212524,250
49,绿色出游守护祖国大好河山,社会|1,https://s.weibo.com/weibo?q=%23%E7%BB%BF%E8%89%B2%E5%87%BA%E6%B8%B8%E5%AE%88%E6%8A%A4%E7%A5%96%E5%9B%BD%E5%A4%A7%E5%A5%BD%E6%B2%B3%E5%B1%B1%23,1699432410_新华社,67763680,7221
50,谁能拒绝少年的英雄梦,电影|100,https://s.weibo.com/weibo?q=%23%E8%B0%81%E8%83%BD%E6%8B%92%E7%BB%9D%E5%B0%91%E5%B9%B4%E7%9A%84%E8%8B%B1%E9%9B%84%E6%A2%A6%23,2810373291_新华网,10601574,12593
当前时间:2023-08-16_16-00
排名,话题,类别,话题链接,话题主持人,阅读,讨论
1,运动1小时1周1个月会发生的变化,社会|1,https://s.weibo.com/weibo?q=%23%E8%BF%90%E5%8A%A81%E5%B0%8F%E6%97%B61%E5%91%A81%E4%B8%AA%E6%9C%88%E4%BC%9A%E5%8F%91%E7%94%9F%E7%9A%84%E5%8F%98%E5%8C%96%23,2803301701_人民日报,47195383,7187
2,摄影师要求视觉中国停止侵权,社会|1,https://s.weibo.com/weibo?q=%23%E6%91%84%E5%BD%B1%E5%B8%88%E8%A6%81%E6%B1%82%E8%A7%86%E8%A7%89%E4%B8%AD%E5%9B%BD%E5%81%9C%E6%AD%A2%E4%BE%B5%E6%9D%83%23,1784473157_中国新闻网,73621667,2778
3,3D动画穿越新疆伊犁的春夏秋冬,社会|1,https://s.weibo.com/weibo?q=%233D%E5%8A%A8%E7%94%BB%E7%A9%BF%E8%B6%8A%E6%96%B0%E7%96%86%E4%BC%8A%E7%8A%81%E7%9A%84%E6%98%A5%E5%A4%8F%E7%A7%8B%E5%86%AC%23,2803301701_人民日报,2649480,450
4,美国女子遭前男友散布裸照获赔87.5亿,社会|1,https://s.weibo.com/weibo?q=%23%E7%BE%8E%E5%9B%BD%E5%A5%B3%E5%AD%90%E9%81%AD%E5%89%8D%E7%94%B7%E5%8F%8B%E6%95%A3%E5%B8%83%E8%A3%B8%E7%85%A7%E8%8E%B7%E8%B5%9487.5%E4%BA%BF%23,1323527941_Vista看天下,36610590,7324
5,一起打卡南博会,社会|1,https://s.weibo.com/weibo?q=%23%E4%B8%80%E8%B5%B7%E6%89%93%E5%8D%A1%E5%8D%97%E5%8D%9A%E4%BC%9A%23,3198471403_云南日报,12971012,197
6,打卡中国新坐标,社会|1,https://s.weibo.com/weibo?q=%23%E6%89%93%E5%8D%A1%E4%B8%AD%E5%9B%BD%E6%96%B0%E5%9D%90%E6%A0%87%23,2752396553_国资小新,1329155,641
7,警方正调查女大学生疑被贩卖,社会|1,https://s.weibo.com/weibo?q=%23%E8%AD%A6%E6%96%B9%E6%AD%A3%E8%B0%83%E6%9F%A5%E5%A5%B3%E5%A4%A7%E5%AD%A6%E7%94%9F%E7%96%91%E8%A2%AB%E8%B4%A9%E5%8D%96%23,1642512402_中国新闻周刊,70309228,2813
8,孤注一掷普法小课堂,政务|147,https://s.weibo.com/weibo?q=%23%E5%AD%A4%E6%B3%A8%E4%B8%80%E6%8E%B7%E6%99%AE%E6%B3%95%E5%B0%8F%E8%AF%BE%E5%A0%82%23,2328516855_中国警方在线,506483,926
9,谢谢人民子弟兵给的安全感,社会|1,https://s.weibo.com/weibo?q=%23%E8%B0%A2%E8%B0%A2%E4%BA%BA%E6%B0%91%E5%AD%90%E5%BC%9F%E5%85%B5%E7%BB%99%E7%9A%84%E5%AE%89%E5%85%A8%E6%84%9F%23,2803301701_人民日报,2139722,416
10,在缅中企工作人员称不要妖魔化缅甸,社会|1,https://s.weibo.com/weibo?q=%23%E5%9C%A8%E7%BC%85%E4%B8%AD%E4%BC%81%E5%B7%A5%E4%BD%9C%E4%BA%BA%E5%91%98%E7%A7%B0%E4%B8%8D%E8%A6%81%E5%A6%96%E9%AD%94%E5%8C%96%E7%BC%85%E7%94%B8%23,2318910945_新浪热点,244390320,7698
11,戚继光督建长城的石碑被找到,社会|1,https://s.weibo.com/weibo?q=%23%E6%88%9A%E7%BB%A7%E5%85%89%E7%9D%A3%E5%BB%BA%E9%95%BF%E5%9F%8E%E7%9A%84%E7%9F%B3%E7%A2%91%E8%A2%AB%E6%89%BE%E5%88%B0%23,2803301701_人民日报,4047275,430
12,秋天的第一场雪已经下了,社会|1,https://s.weibo.com/weibo?q=%23%E7%A7%8B%E5%A4%A9%E7%9A%84%E7%AC%AC%E4%B8%80%E5%9C%BA%E9%9B%AA%E5%B7%B2%E7%BB%8F%E4%B8%8B%E4%BA%86%23,2656274875_央视新闻,4466668,520
13,大熊猫幼崽jio上黑里透着白,社会|1,https://s.weibo.com/weibo?q=%23%E5%A4%A7%E7%86%8A%E7%8C%AB%E5%B9%BC%E5%B4%BDjio%E4%B8%8A%E9%BB%91%E9%87%8C%E9%80%8F%E7%9D%80%E7%99%BD%23,2803301701_人民日报,2597110,322
14,电影里的文物彩蛋,社会|1,https://s.weibo.com/weibo?q=%23%E7%94%B5%E5%BD%B1%E9%87%8C%E7%9A%84%E6%96%87%E7%89%A9%E5%BD%A9%E8%9B%8B%23,2656274875_央视新闻,3451307,576
15,120秒重温焦裕禄事迹,社会|1,https://s.weibo.com/weibo?q=%23120%E7%A7%92%E9%87%8D%E6%B8%A9%E7%84%A6%E8%A3%95%E7%A6%84%E4%BA%8B%E8%BF%B9%23,2803301701_人民日报,3554162,713
16,避免打扰是对野生动物最大的尊重,社会|1,https://s.weibo.com/weibo?q=%23%E9%81%BF%E5%85%8D%E6%89%93%E6%89%B0%E6%98%AF%E5%AF%B9%E9%87%8E%E7%94%9F%E5%8A%A8%E7%89%A9%E6%9C%80%E5%A4%A7%E7%9A%84%E5%B0%8A%E9%87%8D%23,2656274875_央视新闻,4654809,1352
17,熊猫耳朵承包了一天笑点,社会|1,https://s.weibo.com/weibo?q=%23%E7%86%8A%E7%8C%AB%E8%80%B3%E6%9C%B5%E6%89%BF%E5%8C%85%E4%BA%86%E4%B8%80%E5%A4%A9%E7%AC%91%E7%82%B9%23,2656274875_央视新闻,3037804,279
18,亚运会游泳跳水田径门票今起实时销售,社会|1,https://s.weibo.com/weibo?q=%23%E4%BA%9A%E8%BF%90%E4%BC%9A%E6%B8%B8%E6%B3%B3%E8%B7%B3%E6%B0%B4%E7%94%B0%E5%BE%84%E9%97%A8%E7%A5%A8%E4%BB%8A%E8%B5%B7%E5%AE%9E%E6%97%B6%E9%94%80%E5%94%AE%23,2803301701_人民日报,43773058,2222
19,夏威夷州毛伊县野火遇难人数升至101人,社会|1,https://s.weibo.com/weibo?q=%23%E5%A4%8F%E5%A8%81%E5%A4%B7%E5%B7%9E%E6%AF%9B%E4%BC%8A%E5%8E%BF%E9%87%8E%E7%81%AB%E9%81%87%E9%9A%BE%E4%BA%BA%E6%95%B0%E5%8D%87%E8%87%B3101%E4%BA%BA%23,1699432410_新华社,5933197,468
20,电影孤注一掷在消费缅北恐惧吗,社会|1,https://s.weibo.com/weibo?q=%23%E7%94%B5%E5%BD%B1%E5%AD%A4%E6%B3%A8%E4%B8%80%E6%8E%B7%E5%9C%A8%E6%B6%88%E8%B4%B9%E7%BC%85%E5%8C%97%E6%81%90%E6%83%A7%E5%90%97%23,2318910945_新浪热点,25626074,1463
21,王冰冰王昱珩探秘可可西里,社会|1,https://s.weibo.com/weibo?q=%23%E7%8E%8B%E5%86%B0%E5%86%B0%E7%8E%8B%E6%98%B1%E7%8F%A9%E6%8E%A2%E7%A7%98%E5%8F%AF%E5%8F%AF%E8%A5%BF%E9%87%8C%23,2656274875_央视新闻,14456194,1014
22,17岁男孩街边痛哭民警自黑式安慰,社会|1,https://s.weibo.com/weibo?q=%2317%E5%B2%81%E7%94%B7%E5%AD%A9%E8%A1%97%E8%BE%B9%E7%97%9B%E5%93%AD%E6%B0%91%E8%AD%A6%E8%87%AA%E9%BB%91%E5%BC%8F%E5%AE%89%E6%85%B0%23,3203137375_四川观察,10332211,696
23,民宿老板一晚被客人叫醒18次,社会|1,https://s.weibo.com/weibo?q=%23%E6%B0%91%E5%AE%BF%E8%80%81%E6%9D%BF%E4%B8%80%E6%99%9A%E8%A2%AB%E5%AE%A2%E4%BA%BA%E5%8F%AB%E9%86%9218%E6%AC%A1%23,5145725878_沸点视频,55607538,4916
24,19岁女孩国风轮滑惊艳全场,社会|1,https://s.weibo.com/weibo?q=%2319%E5%B2%81%E5%A5%B3%E5%AD%A9%E5%9B%BD%E9%A3%8E%E8%BD%AE%E6%BB%91%E6%83%8A%E8%89%B3%E5%85%A8%E5%9C%BA%23,2803301701_人民日报,10035131,1750
25,创意反诈能救一个是一个,社会|1,https://s.weibo.com/weibo?q=%23%E5%88%9B%E6%84%8F%E5%8F%8D%E8%AF%88%E8%83%BD%E6%95%91%E4%B8%80%E4%B8%AA%E6%98%AF%E4%B8%80%E4%B8%AA%23,2803301701_人民日报,8586639,1934
26,内蒙古双彩虹与闪电奇妙同框,社会|1,https://s.weibo.com/weibo?q=%23%E5%86%85%E8%92%99%E5%8F%A4%E5%8F%8C%E5%BD%A9%E8%99%B9%E4%B8%8E%E9%97%AA%E7%94%B5%E5%A5%87%E5%A6%99%E5%90%8C%E6%A1%86%23,2656274875_央视新闻,1215756,203
27,小象玩水鼻子快要甩掉了,社会|1,https://s.weibo.com/weibo?q=%23%E5%B0%8F%E8%B1%A1%E7%8E%A9%E6%B0%B4%E9%BC%BB%E5%AD%90%E5%BF%AB%E8%A6%81%E7%94%A9%E6%8E%89%E4%BA%86%23,3266943013_央视网,68154303,2110
28,亚洲象排排躺花式戏水,社会|1,https://s.weibo.com/weibo?q=%23%E4%BA%9A%E6%B4%B2%E8%B1%A1%E6%8E%92%E6%8E%92%E8%BA%BA%E8%8A%B1%E5%BC%8F%E6%88%8F%E6%B0%B4%23,3266943013_央视网,4713830,793
29,带爸爸上央视秋晚,社会|1,https://s.weibo.com/weibo?q=%23%E5%B8%A6%E7%88%B8%E7%88%B8%E4%B8%8A%E5%A4%AE%E8%A7%86%E7%A7%8B%E6%99%9A%23,2656274875_央视新闻,1865993,194
30,于敏曾婉拒中国氢弹之父的称呼,社会|1,https://s.weibo.com/weibo?q=%23%E4%BA%8E%E6%95%8F%E6%9B%BE%E5%A9%89%E6%8B%92%E4%B8%AD%E5%9B%BD%E6%B0%A2%E5%BC%B9%E4%B9%8B%E7%88%B6%E7%9A%84%E7%A7%B0%E5%91%BC%23,2803301701_人民日报,6626952,2468
31,缅甸失联20岁男生已找到父亲发声,社会|1,https://s.weibo.com/weibo?q=%23%E7%BC%85%E7%94%B8%E5%A4%B1%E8%81%9420%E5%B2%81%E7%94%B7%E7%94%9F%E5%B7%B2%E6%89%BE%E5%88%B0%E7%88%B6%E4%BA%B2%E5%8F%91%E5%A3%B0%23,6105713761_红星新闻,190112585,2739
32,全国电影票房连续55天破亿元,电影|100,https://s.weibo.com/weibo?q=%23%E5%85%A8%E5%9B%BD%E7%94%B5%E5%BD%B1%E7%A5%A8%E6%88%BF%E8%BF%9E%E7%BB%AD55%E5%A4%A9%E7%A0%B4%E4%BA%BF%E5%85%83%23,2656274875_央视新闻,2662033,495
33,恒大回应许家印离婚传闻,社会|1,https://s.weibo.com/weibo?q=%23%E6%81%92%E5%A4%A7%E5%9B%9E%E5%BA%94%E8%AE%B8%E5%AE%B6%E5%8D%B0%E7%A6%BB%E5%A9%9A%E4%BC%A0%E9%97%BB%23,1926909715_第一财经日报,2568386,213
34,中国游客为何不敢去缅甸了,社会|1,https://s.weibo.com/weibo?q=%23%E4%B8%AD%E5%9B%BD%E6%B8%B8%E5%AE%A2%E4%B8%BA%E4%BD%95%E4%B8%8D%E6%95%A2%E5%8E%BB%E7%BC%85%E7%94%B8%E4%BA%86%23,5993531560_中新经纬,8819424,209
35,网友吐槽视觉中国是图片界的知网,社会|1,https://s.weibo.com/weibo?q=%23%E7%BD%91%E5%8F%8B%E5%90%90%E6%A7%BD%E8%A7%86%E8%A7%89%E4%B8%AD%E5%9B%BD%E6%98%AF%E5%9B%BE%E7%89%87%E7%95%8C%E7%9A%84%E7%9F%A5%E7%BD%91%23,5993531560_中新经纬,2749626,448
36,男子用纸箱打造山西文化地标,社会|1,https://s.weibo.com/weibo?q=%23%E7%94%B7%E5%AD%90%E7%94%A8%E7%BA%B8%E7%AE%B1%E6%89%93%E9%80%A0%E5%B1%B1%E8%A5%BF%E6%96%87%E5%8C%96%E5%9C%B0%E6%A0%87%23,1699432410_新华社,3536856,494
37,保姆9个月偷走雇主163瓶茅台,社会|1,https://s.weibo.com/weibo?q=%23%E4%BF%9D%E5%A7%869%E4%B8%AA%E6%9C%88%E5%81%B7%E8%B5%B0%E9%9B%87%E4%B8%BB163%E7%93%B6%E8%8C%85%E5%8F%B0%23,1796087453_荔枝新闻,89850748,1694
38,2女闯男更衣室给小孩换衣服,社会|1,https://s.weibo.com/weibo?q=%232%E5%A5%B3%E9%97%AF%E7%94%B7%E6%9B%B4%E8%A1%A3%E5%AE%A4%E7%BB%99%E5%B0%8F%E5%AD%A9%E6%8D%A2%E8%A1%A3%E6%9C%8D%23,2028810631_新浪新闻,6498311,356
39,云南警方回应网传女生被标价卖至境外,社会|1,https://s.weibo.com/weibo?q=%23%E4%BA%91%E5%8D%97%E8%AD%A6%E6%96%B9%E5%9B%9E%E5%BA%94%E7%BD%91%E4%BC%A0%E5%A5%B3%E7%94%9F%E8%A2%AB%E6%A0%87%E4%BB%B7%E5%8D%96%E8%87%B3%E5%A2%83%E5%A4%96%23,5044281310_澎湃新闻,3797676,91
40,30秒看308米长江大桥主塔拔地而起,社会|1,https://s.weibo.com/weibo?q=%2330%E7%A7%92%E7%9C%8B308%E7%B1%B3%E9%95%BF%E6%B1%9F%E5%A4%A7%E6%A1%A5%E4%B8%BB%E5%A1%94%E6%8B%94%E5%9C%B0%E8%80%8C%E8%B5%B7%23,1699432410_新华社,13568460,495
41,为救人一命小伙20天减重20斤,社会|1,https://s.weibo.com/weibo?q=%23%E4%B8%BA%E6%95%91%E4%BA%BA%E4%B8%80%E5%91%BD%E5%B0%8F%E4%BC%9920%E5%A4%A9%E5%87%8F%E9%87%8D20%E6%96%A4%23,2286908003_人民网,1094759,110
42,女子因2次同居史相亲屡被拒,社会|1,https://s.weibo.com/weibo?q=%23%E5%A5%B3%E5%AD%90%E5%9B%A02%E6%AC%A1%E5%90%8C%E5%B1%85%E5%8F%B2%E7%9B%B8%E4%BA%B2%E5%B1%A1%E8%A2%AB%E6%8B%92%23,1618051664_头条新闻,7896534,301
43,今年暑期档电影票房已超170亿,社会|1,https://s.weibo.com/weibo?q=%23%E4%BB%8A%E5%B9%B4%E6%9A%91%E6%9C%9F%E6%A1%A3%E7%94%B5%E5%BD%B1%E7%A5%A8%E6%88%BF%E5%B7%B2%E8%B6%85170%E4%BA%BF%23,1699432410_新华社,678093,632
44,沙漠中游客头发突然竖立,社会|1,https://s.weibo.com/weibo?q=%23%E6%B2%99%E6%BC%A0%E4%B8%AD%E6%B8%B8%E5%AE%A2%E5%A4%B4%E5%8F%91%E7%AA%81%E7%84%B6%E7%AB%96%E7%AB%8B%23,2286908003_人民网,3603632,795
45,视觉中国曾因含违禁内容被罚,社会|1,https://s.weibo.com/weibo?q=%23%E8%A7%86%E8%A7%89%E4%B8%AD%E5%9B%BD%E6%9B%BE%E5%9B%A0%E5%90%AB%E8%BF%9D%E7%A6%81%E5%86%85%E5%AE%B9%E8%A2%AB%E7%BD%9A%23,1784473157_中国新闻网,1832879,2765
46,视觉中国涉百余起侵权案均为原告,社会|1,https://s.weibo.com/weibo?q=%23%E8%A7%86%E8%A7%89%E4%B8%AD%E5%9B%BD%E6%B6%89%E7%99%BE%E4%BD%99%E8%B5%B7%E4%BE%B5%E6%9D%83%E6%A1%88%E5%9D%87%E4%B8%BA%E5%8E%9F%E5%91%8A%23,2297360854_中国网看点,4031136,444
47,青年人城镇调查失业率将暂停发布,社会|1,https://s.weibo.com/weibo?q=%23%E9%9D%92%E5%B9%B4%E4%BA%BA%E5%9F%8E%E9%95%87%E8%B0%83%E6%9F%A5%E5%A4%B1%E4%B8%9A%E7%8E%87%E5%B0%86%E6%9A%82%E5%81%9C%E5%8F%91%E5%B8%83%23,2615417307_凤凰网,226712261,45105
48,男子火车霸座叫嚣要让乘警坐牢,社会|1,https://s.weibo.com/weibo?q=%23%E7%94%B7%E5%AD%90%E7%81%AB%E8%BD%A6%E9%9C%B8%E5%BA%A7%E5%8F%AB%E5%9A%A3%E8%A6%81%E8%AE%A9%E4%B9%98%E8%AD%A6%E5%9D%90%E7%89%A2%23,1618051664_头条新闻,1187710,73
49,钉钉个人版没有打卡已读功能,互联网|138,https://s.weibo.com/weibo?q=%23%E9%92%89%E9%92%89%E4%B8%AA%E4%BA%BA%E7%89%88%E6%B2%A1%E6%9C%89%E6%89%93%E5%8D%A1%E5%B7%B2%E8%AF%BB%E5%8A%9F%E8%83%BD%23,1642088277_财经网,4474907,3497
50,医生回老家乡亲们排队看病,社会|1,https://s.weibo.com/weibo?q=%23%E5%8C%BB%E7%94%9F%E5%9B%9E%E8%80%81%E5%AE%B6%E4%B9%A1%E4%BA%B2%E4%BB%AC%E6%8E%92%E9%98%9F%E7%9C%8B%E7%97%85%23,2286908003_人民网,416309,105
